count2000,count2019,adj2000,pop_mod
339244.0,358715.0,372178.09421518946,1.0970808451002507
